{"cameraMode":{"drawMode":0,"name":"Shaded","section":"Shading Mode"},"sceneLighting":true,"audioPlay":false,"sceneViewState":{"showFog":true,"showMaterialUpdate":false,"showSkybox":true,"showFlares":true,"showImageEffects":true,"showParticleSystems":true},"in2DMode":false,"pivot":{"x":-0.9399423599243164,"y":-1.0579349994659424,"z":4.077595233917236},"rotation":{"x":-0.08947805315256119,"y":0.7063698172569275,"z":-0.09077585488557816,"w":-0.6962723135948181},"size":13.796091079711914,"orthographic":false}