{"cameraMode":{"drawMode":0,"name":"Shaded","section":"Shading Mode"},"sceneLighting":false,"audioPlay":false,"sceneViewState":{"showFog":true,"showMaterialUpdate":true,"showSkybox":true,"showFlares":true,"showImageEffects":true,"showParticleSystems":true},"in2DMode":false,"pivot":{"x":-0.7583077549934387,"y":0.08877992630004883,"z":2.1682045459747316},"rotation":{"x":-0.0677822083234787,"y":0.9279524087905884,"z":-0.2088717818260193,"w":-0.30113524198532107},"size":3.1412105560302736,"orthographic":false}