{"cameraMode":{"drawMode":0,"name":"Shaded","section":"Shading Mode"},"sceneLighting":true,"audioPlay":false,"sceneViewState":{"showFog":true,"showMaterialUpdate":true,"showSkybox":true,"showFlares":true,"showImageEffects":true,"showParticleSystems":true},"in2DMode":false,"pivot":{"x":20.151437759399415,"y":22.20854949951172,"z":29.467741012573243},"rotation":{"x":-0.15767160058021546,"y":-0.03103032335639,"z":-0.004958765581250191,"w":0.9869915246963501},"size":31.505830764770509,"orthographic":false}