{"cameraMode":{"drawMode":0,"name":"Shaded","section":"Shading Mode"},"sceneLighting":false,"audioPlay":false,"sceneViewState":{"showFog":true,"showMaterialUpdate":true,"showSkybox":true,"showFlares":true,"showImageEffects":true,"showParticleSystems":true},"in2DMode":false,"pivot":{"x":0.08664050698280335,"y":-0.10631150007247925,"z":19.984479904174806},"rotation":{"x":-0.33395421504974368,"y":0.6228785514831543,"z":-0.33335626125335696,"w":-0.6239956021308899},"size":4.3124308586120609,"orthographic":false}