{"cameraMode":{"drawMode":0,"name":"Shaded","section":"Shading Mode"},"sceneLighting":true,"audioPlay":false,"sceneViewState":{"showFog":true,"showMaterialUpdate":true,"showSkybox":true,"showFlares":true,"showImageEffects":true,"showParticleSystems":true},"in2DMode":false,"pivot":{"x":525.1041259765625,"y":-21.869384765625,"z":898.738037109375},"rotation":{"x":0.1771717369556427,"y":0.12641018629074098,"z":-0.022940373048186303,"w":0.9757583737373352},"size":1471.454345703125,"orthographic":false}