{"cameraMode":{"drawMode":0,"name":"Shaded","section":"Shading Mode"},"sceneLighting":false,"audioPlay":false,"sceneViewState":{"showFog":true,"showMaterialUpdate":true,"showSkybox":true,"showFlares":true,"showImageEffects":true,"showParticleSystems":true},"in2DMode":false,"pivot":{"x":0.10503369569778443,"y":0.0515819787979126,"z":0.28784456849098208},"rotation":{"x":-0.6078203320503235,"y":-0.08328346908092499,"z":0.06431777775287628,"w":-0.7870715856552124},"size":1.8000571727752686,"orthographic":false}