{"cameraMode":{"drawMode":0,"name":"Shaded","section":"Shading Mode"},"sceneLighting":false,"audioPlay":false,"sceneViewState":{"showFog":true,"showMaterialUpdate":true,"showSkybox":true,"showFlares":true,"showImageEffects":true,"showParticleSystems":true},"in2DMode":false,"pivot":{"x":0.08664050698280335,"y":0.0,"z":19.984479904174806},"rotation":{"x":-0.04665330424904823,"y":0.946580708026886,"z":-0.15995359420776368,"w":-0.27608567476272585},"size":8.974069595336914,"orthographic":false}