{"cameraMode":{"drawMode":0,"name":"Shaded","section":"Shading Mode"},"sceneLighting":true,"audioPlay":false,"sceneViewState":{"showFog":true,"showMaterialUpdate":true,"showSkybox":true,"showFlares":true,"showImageEffects":true,"showParticleSystems":true},"in2DMode":false,"pivot":{"x":162.265625,"y":225.66636657714845,"z":32.13871765136719},"rotation":{"x":-0.05568024516105652,"y":0.925502359867096,"z":0.1501404345035553,"w":0.3432244658470154},"size":200.0550994873047,"orthographic":false}