{"cameraMode":{"drawMode":0,"name":"Shaded","section":"Shading Mode"},"sceneLighting":true,"audioPlay":false,"sceneViewState":{"showFog":true,"showMaterialUpdate":true,"showSkybox":true,"showFlares":true,"showImageEffects":true,"showParticleSystems":true},"in2DMode":false,"pivot":{"x":-4.974617004394531,"y":-3.4873733520507814,"z":65.66584777832031},"rotation":{"x":-0.7030016183853149,"y":0.002047821646556258,"z":-0.0020407496485859157,"w":-0.7111824154853821},"size":104.80479431152344,"orthographic":false}