{"cameraMode":{"drawMode":0,"name":"Shaded","section":"Shading Mode"},"sceneLighting":false,"audioPlay":false,"sceneViewState":{"showFog":true,"showMaterialUpdate":true,"showSkybox":true,"showFlares":true,"showImageEffects":true,"showParticleSystems":true},"in2DMode":false,"pivot":{"x":-6.3550214767456059,"y":-10.644546508789063,"z":20.326114654541017},"rotation":{"x":-0.5887793302536011,"y":0.2030583918094635,"z":-0.15594296157360078,"w":-0.7666733860969544},"size":72.32295989990235,"orthographic":false}