{"cameraMode":{"drawMode":0,"name":"Shaded","section":"Shading Mode"},"sceneLighting":true,"audioPlay":false,"sceneViewState":{"showFog":true,"showMaterialUpdate":true,"showSkybox":true,"showFlares":true,"showImageEffects":true,"showParticleSystems":true},"in2DMode":false,"pivot":{"x":11.76198959350586,"y":-5.287036895751953,"z":76.33450317382813},"rotation":{"x":-0.3205736577510834,"y":0.5576726198196411,"z":-0.24663643538951875,"w":-0.7248478531837463},"size":90.2524642944336,"orthographic":false}