{"cameraMode":{"drawMode":0,"name":"Shaded","section":"Shading Mode"},"sceneLighting":true,"audioPlay":false,"sceneViewState":{"showFog":true,"showMaterialUpdate":true,"showSkybox":true,"showFlares":true,"showImageEffects":true,"showParticleSystems":true},"in2DMode":false,"pivot":{"x":226.0062255859375,"y":133.71800231933595,"z":112.44309997558594},"rotation":{"x":0.04190301522612572,"y":0.8106744289398193,"z":-0.05846142768859863,"w":0.581062376499176},"size":200.0550994873047,"orthographic":false}