{"cameraMode":{"drawMode":0,"name":"Shaded","section":"Shading Mode"},"sceneLighting":false,"audioPlay":false,"sceneViewState":{"showFog":true,"showMaterialUpdate":true,"showSkybox":true,"showFlares":true,"showImageEffects":true,"showParticleSystems":true},"in2DMode":false,"pivot":{"x":-11.197704315185547,"y":-15.315848350524903,"z":4.539645195007324},"rotation":{"x":0.23108580708503724,"y":0.5884819030761719,"z":-0.1804881989955902,"w":0.7534670233726502},"size":31.833940505981447,"orthographic":false}