{"cameraMode":{"drawMode":0,"name":"Shaded","section":"Shading Mode"},"sceneLighting":false,"audioPlay":false,"sceneViewState":{"showFog":true,"showMaterialUpdate":true,"showSkybox":true,"showFlares":true,"showImageEffects":true,"showParticleSystems":true},"in2DMode":false,"pivot":{"x":-0.34834611415863039,"y":-0.08943009376525879,"z":1.986324429512024},"rotation":{"x":-0.058455586433410647,"y":0.9349839687347412,"z":-0.2978525161743164,"w":-0.18349863588809968},"size":2.1001079082489015,"orthographic":false}