{"cameraMode":{"drawMode":0,"name":"Shaded","section":"Shading Mode"},"sceneLighting":true,"audioPlay":false,"sceneViewState":{"showFog":true,"showMaterialUpdate":true,"showSkybox":true,"showFlares":true,"showImageEffects":true,"showParticleSystems":true},"in2DMode":false,"pivot":{"x":13.785784721374512,"y":0.049560546875,"z":229.86390686035157},"rotation":{"x":0.7071036696434021,"y":-0.002121317433193326,"z":0.002121317433193326,"w":0.7071036696434021},"size":430.80548095703127,"orthographic":false}