{"cameraMode":{"drawMode":0,"name":"Shaded","section":"Shading Mode"},"sceneLighting":false,"audioPlay":false,"sceneViewState":{"showFog":true,"showMaterialUpdate":true,"showSkybox":true,"showFlares":true,"showImageEffects":true,"showParticleSystems":true},"in2DMode":false,"pivot":{"x":-0.2841796875,"y":0.14453125,"z":21.1947021484375},"rotation":{"x":0.6850165128707886,"y":-0.029477261006832124,"z":0.027757953852415086,"w":0.7274014949798584},"size":7.24267053604126,"orthographic":true}