{"cameraMode":{"drawMode":0,"name":"Shaded","section":"Shading Mode"},"sceneLighting":true,"audioPlay":false,"sceneViewState":{"showFog":true,"showMaterialUpdate":true,"showSkybox":true,"showFlares":true,"showImageEffects":true,"showParticleSystems":true},"in2DMode":false,"pivot":{"x":-122.0335922241211,"y":-12.87822151184082,"z":7.194145202636719},"rotation":{"x":0.0943608358502388,"y":-0.78727787733078,"z":0.12454605847597122,"w":0.5964711904525757},"size":97.74649047851563,"orthographic":false}