{"cameraMode":{"drawMode":0,"name":"Shaded","section":"Shading Mode"},"sceneLighting":false,"audioPlay":false,"sceneViewState":{"showFog":true,"showMaterialUpdate":true,"showSkybox":true,"showFlares":true,"showImageEffects":true,"showParticleSystems":true},"in2DMode":false,"pivot":{"x":-24.404132843017579,"y":-7.3156232833862309,"z":5.978351593017578},"rotation":{"x":0.28716957569122317,"y":0.31814250349998476,"z":-0.10176816582679749,"w":0.8977540731430054},"size":19.756465911865236,"orthographic":false}