{"cameraMode":{"drawMode":0,"name":"Shaded","section":"Shading Mode"},"sceneLighting":false,"audioPlay":false,"sceneViewState":{"showFog":true,"showMaterialUpdate":true,"showSkybox":true,"showFlares":true,"showImageEffects":true,"showParticleSystems":true},"in2DMode":false,"pivot":{"x":0.9150390625,"y":-0.031005859375,"z":21.70263671875},"rotation":{"x":-0.18047606945037843,"y":0.714287281036377,"z":-0.1995295286178589,"w":-0.6460728645324707},"size":9.828644752502442,"orthographic":true}