{"cameraMode":{"drawMode":0,"name":"Shaded","section":"Shading Mode"},"sceneLighting":false,"audioPlay":false,"sceneViewState":{"showFog":true,"showMaterialUpdate":true,"showSkybox":true,"showFlares":true,"showImageEffects":true,"showParticleSystems":true},"in2DMode":false,"pivot":{"x":-0.09712612628936768,"y":0.09219837188720703,"z":2.277204990386963},"rotation":{"x":-0.3419070243835449,"y":0.562676191329956,"z":-0.2745146155357361,"w":-0.700811505317688},"size":2.1001079082489015,"orthographic":false}