{"cameraMode":{"drawMode":0,"name":"Shaded","section":"Shading Mode"},"sceneLighting":false,"audioPlay":false,"sceneViewState":{"showFog":true,"showMaterialUpdate":false,"showSkybox":true,"showFlares":true,"showImageEffects":true,"showParticleSystems":true},"in2DMode":false,"pivot":{"x":0.02778288908302784,"y":-0.1484375,"z":-0.8784111142158508},"rotation":{"x":0.4801362156867981,"y":-0.05519374459981918,"z":0.030288666486740114,"w":0.8749317526817322},"size":3.113391876220703,"orthographic":true}