{"cameraMode":{"drawMode":0,"name":"Shaded","section":"Shading Mode"},"sceneLighting":false,"audioPlay":false,"sceneViewState":{"showFog":true,"showMaterialUpdate":true,"showSkybox":true,"showFlares":true,"showImageEffects":true,"showParticleSystems":true},"in2DMode":false,"pivot":{"x":-39.750770568847659,"y":3.749786376953125,"z":3.427938461303711},"rotation":{"x":-0.18864956498146058,"y":0.7500717043876648,"z":-0.24142609536647798,"w":-0.5861034989356995},"size":31.666040420532228,"orthographic":false}