{"cameraMode":{"drawMode":0,"name":"Shaded","section":"Shading Mode"},"sceneLighting":false,"audioPlay":false,"sceneViewState":{"showFog":true,"showMaterialUpdate":true,"showSkybox":true,"showFlares":true,"showImageEffects":true,"showParticleSystems":true},"in2DMode":false,"pivot":{"x":-31.854507446289064,"y":-1.0905563831329346,"z":1.7763700485229493},"rotation":{"x":0.2489987164735794,"y":0.08275173604488373,"z":-0.021360483020544053,"w":0.9647256135940552},"size":5.856306552886963,"orthographic":false}