{"cameraMode":{"drawMode":0,"name":"Shaded","section":"Shading Mode"},"sceneLighting":false,"audioPlay":false,"sceneViewState":{"showFog":true,"showMaterialUpdate":true,"showSkybox":true,"showFlares":true,"showImageEffects":true,"showParticleSystems":true},"in2DMode":false,"pivot":{"x":0.05561017990112305,"y":-0.3486328125,"z":19.893136978149415},"rotation":{"x":-0.4979083240032196,"y":0.18438799679279328,"z":-0.10925207287073136,"w":-0.8403286933898926},"size":4.172276973724365,"orthographic":true}