{"cameraMode":{"drawMode":0,"name":"Shaded","section":"Shading Mode"},"sceneLighting":false,"audioPlay":false,"sceneViewState":{"showFog":true,"showMaterialUpdate":true,"showSkybox":true,"showFlares":true,"showImageEffects":true,"showParticleSystems":true},"in2DMode":false,"pivot":{"x":-1.6604795455932618,"y":1.730201005935669,"z":19.564987182617189},"rotation":{"x":-0.18324245512485505,"y":0.7081471085548401,"z":-0.19896124303340913,"w":-0.6521995663642883},"size":5.900550365447998,"orthographic":false}