{"cameraMode":{"drawMode":0,"name":"Shaded","section":"Shading Mode"},"sceneLighting":false,"audioPlay":false,"sceneViewState":{"showFog":true,"showMaterialUpdate":true,"showSkybox":true,"showFlares":true,"showImageEffects":true,"showParticleSystems":true},"in2DMode":false,"pivot":{"x":-34.212181091308597,"y":-0.2819553017616272,"z":-0.2535031735897064},"rotation":{"x":0.00693571986630559,"y":0.6914236545562744,"z":0.006638604216277599,"w":-0.7223857641220093},"size":8.558886528015137,"orthographic":false}