{"cameraMode":{"drawMode":0,"name":"Shaded","section":"Shading Mode"},"sceneLighting":false,"audioPlay":false,"sceneViewState":{"showFog":true,"showMaterialUpdate":true,"showSkybox":true,"showFlares":true,"showImageEffects":true,"showParticleSystems":true},"in2DMode":false,"pivot":{"x":-32.46787643432617,"y":-0.011927127838134766,"z":1.7043870687484742},"rotation":{"x":-0.2689065933227539,"y":0.6607211828231812,"z":-0.2757721245288849,"w":-0.6442720293998718},"size":7.086563587188721,"orthographic":false}