{"cameraMode":{"drawMode":0,"name":"Shaded","section":"Shading Mode"},"sceneLighting":false,"audioPlay":false,"sceneViewState":{"showFog":true,"showMaterialUpdate":true,"showSkybox":true,"showFlares":true,"showImageEffects":true,"showParticleSystems":true},"in2DMode":false,"pivot":{"x":-0.06889152526855469,"y":0.8943530321121216,"z":0.5107159614562988},"rotation":{"x":-0.08149462193250656,"y":0.8753374218940735,"z":-0.1587417721748352,"w":-0.4493820369243622},"size":3.9001076221466066,"orthographic":false}