{"cameraMode":{"drawMode":0,"name":"Shaded","section":"Shading Mode"},"sceneLighting":true,"audioPlay":false,"sceneViewState":{"showFog":true,"showMaterialUpdate":true,"showSkybox":true,"showFlares":true,"showImageEffects":true,"showParticleSystems":true},"in2DMode":false,"pivot":{"x":88.27154541015625,"y":0.46160888671875,"z":10.468917846679688},"rotation":{"x":0.16437195241451264,"y":0.8121970891952515,"z":-0.27329546213150027,"w":0.4884950816631317},"size":58.373321533203128,"orthographic":false}