{"cameraMode":{"drawMode":0,"name":"Shaded","section":"Shading Mode"},"sceneLighting":false,"audioPlay":false,"sceneViewState":{"showFog":true,"showMaterialUpdate":true,"showSkybox":true,"showFlares":true,"showImageEffects":true,"showParticleSystems":true},"in2DMode":false,"pivot":{"x":-2.7632265090942385,"y":2.1541740894317629,"z":-1.2688473463058472},"rotation":{"x":0.17210683226585389,"y":0.5628865361213684,"z":-0.12120753526687622,"w":0.7992788553237915},"size":5.644712448120117,"orthographic":false}