{"cameraMode":{"drawMode":0,"name":"Shaded","section":"Shading Mode"},"sceneLighting":true,"audioPlay":false,"sceneViewState":{"showFog":true,"showMaterialUpdate":true,"showSkybox":true,"showFlares":true,"showImageEffects":true,"showParticleSystems":true},"in2DMode":false,"pivot":{"x":129.79063415527345,"y":41.9926643371582,"z":30.912858963012697},"rotation":{"x":0.021289687603712083,"y":0.5909127593040466,"z":-0.015602721832692624,"w":0.8063036203384399},"size":82.13275146484375,"orthographic":false}