{"cameraMode":{"drawMode":0,"name":"Shaded","section":"Shading Mode"},"sceneLighting":false,"audioPlay":false,"sceneViewState":{"showFog":true,"showMaterialUpdate":true,"showSkybox":true,"showFlares":true,"showImageEffects":true,"showParticleSystems":true},"in2DMode":false,"pivot":{"x":-0.2841796875,"y":0.14453125,"z":21.1947021484375},"rotation":{"x":0.11737816780805588,"y":-0.42804843187332156,"z":0.056179653853178027,"w":0.8943381905555725},"size":7.24267053604126,"orthographic":true}