{"cameraMode":{"drawMode":0,"name":"Shaded","section":"Shading Mode"},"sceneLighting":true,"audioPlay":false,"sceneViewState":{"showFog":true,"showMaterialUpdate":true,"showSkybox":true,"showFlares":true,"showImageEffects":true,"showParticleSystems":true},"in2DMode":false,"pivot":{"x":-1.5317621231079102,"y":-9.42696762084961,"z":36.8533935546875},"rotation":{"x":-0.7211564183235169,"y":-0.005849835928529501,"z":0.006092358380556107,"w":-0.6927207708358765},"size":59.41340255737305,"orthographic":false}