{"cameraMode":{"drawMode":0,"name":"Shaded","section":"Shading Mode"},"sceneLighting":false,"audioPlay":false,"sceneViewState":{"showFog":true,"showMaterialUpdate":true,"showSkybox":true,"showFlares":true,"showImageEffects":true,"showParticleSystems":true},"in2DMode":false,"pivot":{"x":1.1920928955078126e-7,"y":0.0,"z":1.9850000143051148},"rotation":{"x":-0.2888142168521881,"y":0.610588550567627,"z":-0.25484761595726015,"w":-0.6919687986373901},"size":2.2979934215545656,"orthographic":false}