{"cameraMode":{"drawMode":0,"name":"Shaded","section":"Shading Mode"},"sceneLighting":true,"audioPlay":false,"sceneViewState":{"showFog":true,"showMaterialUpdate":true,"showSkybox":true,"showFlares":true,"showImageEffects":true,"showParticleSystems":true},"in2DMode":false,"pivot":{"x":-13.603738784790039,"y":11.904388427734375,"z":30.155319213867189},"rotation":{"x":-0.016518589109182359,"y":0.48571375012397768,"z":-0.009176510386168957,"w":-0.8739136457443237},"size":46.08759689331055,"orthographic":false}