{"cameraMode":{"drawMode":0,"name":"Shaded","section":"Shading Mode"},"sceneLighting":false,"audioPlay":false,"sceneViewState":{"showFog":true,"showMaterialUpdate":false,"showSkybox":true,"showFlares":true,"showImageEffects":true,"showParticleSystems":true},"in2DMode":false,"pivot":{"x":0.20696449279785157,"y":0.11151683330535889,"z":2.1106984615325929},"rotation":{"x":-0.18269306421279908,"y":-0.736896812915802,"z":0.21975044906139375,"w":-0.6126305460929871},"size":2.064150810241699,"orthographic":false}