{"cameraMode":{"drawMode":0,"name":"Shaded","section":"Shading Mode"},"sceneLighting":true,"audioPlay":false,"sceneViewState":{"showFog":true,"showMaterialUpdate":true,"showSkybox":true,"showFlares":true,"showImageEffects":true,"showParticleSystems":true},"in2DMode":false,"pivot":{"x":4.544522285461426,"y":4.321321964263916,"z":24.801233291625978},"rotation":{"x":-0.061296120285987857,"y":-0.2800585627555847,"z":0.017920933663845063,"w":-0.9578564167022705},"size":33.69942855834961,"orthographic":false}