{"cameraMode":{"drawMode":0,"name":"Shaded","section":"Shading Mode"},"sceneLighting":true,"audioPlay":false,"sceneViewState":{"showFog":true,"showMaterialUpdate":true,"showSkybox":true,"showFlares":true,"showImageEffects":true,"showParticleSystems":true},"in2DMode":false,"pivot":{"x":-17.89234161376953,"y":-19.051666259765626,"z":57.05284118652344},"rotation":{"x":0.19856023788452149,"y":-0.2674216032028198,"z":0.05641606077551842,"w":0.9412102699279785},"size":65.33277130126953,"orthographic":false}