{"cameraMode":{"drawMode":0,"name":"Shaded","section":"Shading Mode"},"sceneLighting":false,"audioPlay":false,"sceneViewState":{"showFog":true,"showMaterialUpdate":false,"showSkybox":true,"showFlares":true,"showImageEffects":true,"showParticleSystems":true},"in2DMode":false,"pivot":{"x":0.24041986465454102,"y":0.10404050350189209,"z":20.22039031982422},"rotation":{"x":-0.11324482411146164,"y":-0.8277425765991211,"z":0.18059752881526948,"w":-0.5190398693084717},"size":4.357883930206299,"orthographic":false}