{"cameraMode":{"drawMode":0,"name":"Shaded","section":"Shading Mode"},"sceneLighting":true,"audioPlay":false,"sceneViewState":{"showFog":true,"showMaterialUpdate":true,"showSkybox":true,"showFlares":true,"showImageEffects":true,"showParticleSystems":true},"in2DMode":false,"pivot":{"x":-102.4910888671875,"y":-51.410797119140628,"z":-94.51731872558594},"rotation":{"x":-0.30351924896240237,"y":0.008842113427817822,"z":-0.0028126344550400974,"w":-0.9527801871299744},"size":22.165287017822267,"orthographic":false}