{"cameraMode":{"drawMode":0,"name":"Shaded","section":"Shading Mode"},"sceneLighting":false,"audioPlay":false,"sceneViewState":{"showFog":true,"showMaterialUpdate":true,"showSkybox":true,"showFlares":true,"showImageEffects":true,"showParticleSystems":true},"in2DMode":false,"pivot":{"x":-0.49398499727249148,"y":-0.23616015911102296,"z":1.615652084350586},"rotation":{"x":-0.14761357009410859,"y":0.8067302107810974,"z":-0.22666698694229127,"w":-0.5253747701644898},"size":9.393092155456543,"orthographic":false}