{"cameraMode":{"drawMode":0,"name":"Shaded","section":"Shading Mode"},"sceneLighting":true,"audioPlay":false,"sceneViewState":{"showFog":true,"showMaterialUpdate":true,"showSkybox":true,"showFlares":true,"showImageEffects":true,"showParticleSystems":true},"in2DMode":false,"pivot":{"x":-2.868021011352539,"y":10.235969543457032,"z":30.803579330444337},"rotation":{"x":0.06814174354076386,"y":0.3528371751308441,"z":-0.0257766954600811,"w":0.9328441023826599},"size":30.123788833618165,"orthographic":false}